CREATE TABLE STUDENT (
    STUDENT_ID INT PRIMARY KEY,
    FIRST_NAME VARCHAR(50),
    LAST_NAME VARCHAR(50),
    GPA DECIMAL(4, 2),
    ENROLLMENT_DATE DATETIME,
    MAJOR VARCHAR(50)
);


INSERT INTO STUDENT (STUDENT_ID, FIRST_NAME, LAST_NAME, GPA, ENROLLMENT_DATE, MAJOR)
VALUES
(201, 'Shivansh', 'Mahajan', 8.79, '2021-09-01 09:30:00', 'Computer Science'),
(202, 'Umesh', 'Sharma', 8.44, '2021-09-01 08:30:00', 'Mathematics'),
(203, 'Rakesh', 'Kumar', 5.60, '2021-09-01 10:00:00', 'Biology'),
(204, 'Radha', 'Sharma', 9.20, '2021-09-01 12:45:00', 'Chemistry'),
(205, 'Kush', 'Kumar', 7.85, '2021-09-01 08:30:00', 'Physics'),
(206, 'Prem', 'Chopra', 9.56, '2021-09-01 09:24:00', 'History'),
(207, 'Pankaj', 'Vats', 9.78, '2021-09-01 02:30:00', 'English'),
(208, 'Navleen', 'Kaur', 7.00, '2021-09-01 06:30:00', 'Mathematics');



CREATE TABLE PROGRAM (
    STUDENT_REF_ID INT,
    PROGRAM_NAME VARCHAR(50),
    PROGRAM_START_DATE DATETIME,
    FOREIGN KEY (STUDENT_REF_ID) REFERENCES STUDENT(STUDENT_ID)
);



INSERT INTO PROGRAM (STUDENT_REF_ID, PROGRAM_NAME, PROGRAM_START_DATE)
VALUES
(201, 'Computer Science', '2021-09-01 00:00:00'),
(202, 'Mathematics', '2021-09-01 00:00:00'),
(208, 'Mathematics', '2021-09-01 00:00:00'),
(205, 'Physics', '2021-09-01 00:00:00'),
(204, 'Chemistry', '2021-09-01 00:00:00'),
(207, 'Psychology', '2021-09-01 00:00:00'),
(206, 'History', '2021-09-01 00:00:00'),
(203, 'Biology', '2021-09-01 00:00:00');




CREATE TABLE SCHOLARSHIP (
    STUDENT_REF_ID INT,
    SCHOLARSHIP_AMOUNT DECIMAL(10, 2),
    SCHOLARSHIP_DATE DATETIME,
    FOREIGN KEY (STUDENT_REF_ID) REFERENCES STUDENT(STUDENT_ID)
);
INSERT INTO SCHOLARSHIP (STUDENT_REF_ID, SCHOLARSHIP_AMOUNT, SCHOLARSHIP_DATE)
VALUES
(201, 5000.00, '2021-10-15 00:00:00'),
(202, 4500.00, '2022-08-18 00:00:00'),
(203, 3000.00, '2022-01-25 00:00:00'),
(201, 4000.00, '2021-10-15 00:00:00');
